"File","Line","Status","Old","New"
"ainarm9045.cpp","7905","OK","(iMotPulse-Prod.iInArmY15Pitch)/m","ChangeToFloatNonPcnt((double)((iMotPulse-Prod.iInArmY15Pitch)), (double)(m))"
"ainarm9045.cpp","7894","OK","(iMotPulse-Prod.iInArmX40Pitch)/m","ChangeToFloatNonPcnt((double)((iMotPulse-Prod.iInArmX40Pitch)), (double)(m))"
"ainarm9045.cpp","7893","OK","((double)(Prod.iInArmX120Pitch-Prod.iInArmX40Pitch))/iPitch_Max_minus_Min","ChangeToFloatNonPcnt((double)(((double)(Prod.iInArmX120Pitch-Prod.iInArmX40Pitch))), (double)(iPitch_Max_minus_Min))"
"ainarm9045.cpp","5872","OK","iInArmBlockIndex/LoadForm->BlockXItem","ChangeToFloatNonPcnt((double)(iInArmBlockIndex), (double)(LoadForm->BlockXItem))"
"ainarm9045.cpp","5856","OK","iInArmBlockIndex/LoadForm->BlockXItem","ChangeToFloatNonPcnt((double)(iInArmBlockIndex), (double)(LoadForm->BlockXItem))"
"ainarm9045.cpp","5850","OK","MOT[MMTrayY].Tray.YItem / LoadForm->BlockYItem","ChangeToFloatNonPcnt((double)(MOT[MMTrayY].Tray.YItem), (double)(LoadForm->BlockYItem))"
"ainarm9045.cpp","5849","OK","MOT[MMTrayY].Tray.XItem / LoadForm->BlockXItem","ChangeToFloatNonPcnt((double)(MOT[MMTrayY].Tray.XItem), (double)(LoadForm->BlockXItem))"
"ainarm9045.cpp","5240","OK","AutoCalculateInArmYClosePitch()/LoadForm->YPitch","ChangeToFloatNonPcnt((double)(AutoCalculateInArmYClosePitch()), (double)(LoadForm->YPitch))"
"ainarm9045.cpp","4386","OK","indexRow/LoadForm->YDivision","ChangeToFloatNonPcnt((double)(indexRow), (double)(LoadForm->YDivision))"
"ainarm9045.cpp","4385","OK","indexRow/LoadForm->YDivision","ChangeToFloatNonPcnt((double)(indexRow), (double)(LoadForm->YDivision))"
"ainarm9045.cpp","4381","OK","indexCol/LoadForm->XDivision","ChangeToFloatNonPcnt((double)(indexCol), (double)(LoadForm->XDivision))"
"ainarm9045.cpp","4380","OK","indexCol/LoadForm->XDivision","ChangeToFloatNonPcnt((double)(indexCol), (double)(LoadForm->XDivision))"
"ainarm9045.cpp","166","OK","((double)(Prod.iInArmX120Pitch2-Prod.iInArmX40Pitch2))/iPitch_Max_minus_Min","ChangeToFloatNonPcnt((double)(((double)(Prod.iInArmX120Pitch2-Prod.iInArmX40Pitch2))), (double)(iPitch_Max_minus_Min))"
"ainarm9045.cpp","142","OK","((double)(dX120[iX]-dX_40[iX]))/iPitch_Max_minus_Min","ChangeToFloatNonPcnt((double)(((double)(dX120[iX]-dX_40[iX]))), (double)(iPitch_Max_minus_Min))"
"ainarm9045.cpp","130","OK","((double)(Prod.iInArmX120Pitch-Prod.iInArmX40Pitch))/iPitch_Max_minus_Min","ChangeToFloatNonPcnt((double)(((double)(Prod.iInArmX120Pitch-Prod.iInArmX40Pitch))), (double)(iPitch_Max_minus_Min))"
"aoutarm.cpp","3822","OK","AutoCalculateOutArmYClosePitch(iAuto)/LoadForm->YPitch","ChangeToFloatNonPcnt((double)(AutoCalculateOutArmYClosePitch(iAuto)), (double)(LoadForm->YPitch))"
"aoutarm.cpp","2617","OK","iRow/AutoForm[0]->YDivision","ChangeToFloatNonPcnt((double)(iRow), (double)(AutoForm[0]->YDivision))"
"aoutarm.cpp","2616","OK","iRow/AutoForm[0]->YDivision","ChangeToFloatNonPcnt((double)(iRow), (double)(AutoForm[0]->YDivision))"
"aoutarm.cpp","2615","OK","iCol/AutoForm[0]->XDivision","ChangeToFloatNonPcnt((double)(iCol), (double)(AutoForm[0]->XDivision))"
"aoutarm.cpp","2614","OK","iCol/AutoForm[0]->XDivision","ChangeToFloatNonPcnt((double)(iCol), (double)(AutoForm[0]->XDivision))"
"aoutarm.cpp","1880","OK","iOutArmBlockIndex/AutoForm[iWhichAuto]->BlockXItem","ChangeToFloatNonPcnt((double)(iOutArmBlockIndex), (double)(AutoForm[iWhichAuto]->BlockXItem))"
"aoutarm.cpp","1864","OK","iOutArmBlockIndex/AutoForm[iWhichAuto]->BlockXItem","ChangeToFloatNonPcnt((double)(iOutArmBlockIndex), (double)(AutoForm[iWhichAuto]->BlockXItem))"
"aoutarm.cpp","1858","OK","MOT[Motor].Tray.YItem/AutoForm[iWhichAuto]->BlockYItem","ChangeToFloatNonPcnt((double)(MOT[Motor].Tray.YItem), (double)(AutoForm[iWhichAuto]->BlockYItem))"
"aoutarm.cpp","1857","OK","MOT[Motor].Tray.XItem/AutoForm[iWhichAuto]->BlockXItem","ChangeToFloatNonPcnt((double)(MOT[Motor].Tray.XItem), (double)(AutoForm[iWhichAuto]->BlockXItem))"
"aoutarm.cpp","1537","OK","AutoCalculateOutArmYClosePitch(iWhichAuto)/AutoForm[iWhichAuto]->YPitch","ChangeToFloatNonPcnt((double)(AutoCalculateOutArmYClosePitch(iWhichAuto)), (double)(AutoForm[iWhichAuto]->YPitch))"
"aoutarm.cpp","1311","OK","TestIF.iARM_Y_PITCH/AutoForm[iWhichAuto]->YPitch","ChangeToFloatNonPcnt((double)(TestIF.iARM_Y_PITCH), (double)(AutoForm[iWhichAuto]->YPitch))"
"aoutarm9045.cpp","3598","OK","(iMotPulse-Prod.iOutArmY15Pitch)/m","ChangeToFloatNonPcnt((double)((iMotPulse-Prod.iOutArmY15Pitch)), (double)(m))"
"aoutarm9045.cpp","3587","OK","(iMotPulse-Prod.iOutArmX40Pitch)/m","ChangeToFloatNonPcnt((double)((iMotPulse-Prod.iOutArmX40Pitch)), (double)(m))"
"aoutarm9045.cpp","3586","OK","((double)(Prod.iOutArmX120Pitch-Prod.iOutArmX40Pitch))/iPitch_Max_minus_Min","ChangeToFloatNonPcnt((double)(((double)(Prod.iOutArmX120Pitch-Prod.iOutArmX40Pitch))), (double)(iPitch_Max_minus_Min))"
"aoutarm9045.cpp","2496","OK","AutoCalculateOutArmYClosePitch(iToWhichAuto)/AutoForm[iWhichAuto]->YPitch","ChangeToFloatNonPcnt((double)(AutoCalculateOutArmYClosePitch(iToWhichAuto)), (double)(AutoForm[iWhichAuto]->YPitch))"
"aoutarm9045.cpp","190","OK","((double)(dX120[iX]-dX_40[iX]))/iPitch_Max_minus_Min","ChangeToFloatNonPcnt((double)(((double)(dX120[iX]-dX_40[iX]))), (double)(iPitch_Max_minus_Min))"
"aoutarm9045.cpp","168","OK","(Prod.iOutArmX120Pitch2-Prod.iOutArmX40Pitch2)/iPitch_Max_minus_Min","ChangeToFloatNonPcnt((double)((Prod.iOutArmX120Pitch2-Prod.iOutArmX40Pitch2)), (double)(iPitch_Max_minus_Min))"
"aoutarm9045.cpp","160","OK","(Prod.iOutArmX120Pitch-Prod.iOutArmX40Pitch)/iPitch_Max_minus_Min","ChangeToFloatNonPcnt((double)((Prod.iOutArmX120Pitch-Prod.iOutArmX40Pitch)), (double)(iPitch_Max_minus_Min))"
"atester.cpp","5934","OK","100/CCDTimeOutSec","ChangeToFloatNonPcnt((double)(100), (double)(CCDTimeOutSec))"
"aTester_Front.cpp","5319","OK","100/CCDTimeOutSec","ChangeToFloatNonPcnt((double)(100), (double)(CCDTimeOutSec))"
"aTester_Front.cpp","288","OK","MOT[MTestZ1].Gali_ReadEncoderPos()/MOT[MTestZ1].Motor->GearRatio","ChangeToFloatNonPcnt((double)(MOT[MTestZ1].Gali_ReadEncoderPos()), (double)(MOT[MTestZ1].Motor->GearRatio))"
"aTester_Front.cpp","287","OK","MOT[MTestY1].Gali_ReadEncoderPos()/MOT[MTestY1].Motor->GearRatio","ChangeToFloatNonPcnt((double)(MOT[MTestY1].Gali_ReadEncoderPos()), (double)(MOT[MTestY1].Motor->GearRatio))"
"aTester_Rear.cpp","5605","OK","100/CCDTimeOutSec","ChangeToFloatNonPcnt((double)(100), (double)(CCDTimeOutSec))"
"aTester_Rear.cpp","291","OK","MOT[MTestY2].Gali_ReadEncoderPos()/MOT[MTestY2].Motor->GearRatio","ChangeToFloatNonPcnt((double)(MOT[MTestY2].Gali_ReadEncoderPos()), (double)(MOT[MTestY2].Motor->GearRatio))"
"aTester_Rear.cpp","290","OK","MOT[MTestZ2].Gali_ReadEncoderPos()/MOT[MTestZ2].Motor->GearRatio","ChangeToFloatNonPcnt((double)(MOT[MTestZ2].Gali_ReadEncoderPos()), (double)(MOT[MTestZ2].Motor->GearRatio))"
"AutoTemperature.cpp","1342","OK","i/ACTData.iDisplayColumn","ChangeToFloatNonPcnt((double)(i), (double)(ACTData.iDisplayColumn))"
"cConfiguration.cpp","152","OK","iCount/iCbColCount","ChangeToFloatNonPcnt((double)(iCount), (double)(iCbColCount))"
"cContact.cpp","17279","OK","dHeadMaxForce/fComplianceUnit","ChangeToFloatNonPcnt((double)(dHeadMaxForce), (double)(fComplianceUnit))"
"cContact.cpp","330","OK","MOT[MTestZ2].Gali_ReadEncoderPos()/MOT[MTestZ2].Motor->GearRatio","ChangeToFloatNonPcnt((double)(MOT[MTestZ2].Gali_ReadEncoderPos()), (double)(MOT[MTestZ2].Motor->GearRatio))"
"cContact.cpp","329","OK","MOT[MTestY1].Gali_ReadEncoderPos()/MOT[MTestY1].Motor->GearRatio","ChangeToFloatNonPcnt((double)(MOT[MTestY1].Gali_ReadEncoderPos()), (double)(MOT[MTestY1].Motor->GearRatio))"
"cContact.cpp","295","OK","MOT[MTestY2].Gali_ReadEncoderPos()/MOT[MTestY2].Motor->GearRatio","ChangeToFloatNonPcnt((double)(MOT[MTestY2].Gali_ReadEncoderPos()), (double)(MOT[MTestY2].Motor->GearRatio))"
"cContact.cpp","294","OK","MOT[MTestZ1].Gali_ReadEncoderPos()/MOT[MTestZ1].Motor->GearRatio","ChangeToFloatNonPcnt((double)(MOT[MTestZ1].Gali_ReadEncoderPos()), (double)(MOT[MTestZ1].Motor->GearRatio))"
"cContactCT.cpp","247","OK","(ARow-1)/TestSocket.iShtCol","ChangeToFloatNonPcnt((double)((ARow-1)), (double)(TestSocket.iShtCol))"
"cContactCT.cpp","242","OK","(ARow-1)/TestSocket.iShtCol","ChangeToFloatNonPcnt((double)((ARow-1)), (double)(TestSocket.iShtCol))"
"cContactCT.cpp","202","OK","(ARow-1)/TestSocket.iShtCol","ChangeToFloatNonPcnt((double)((ARow-1)), (double)(TestSocket.iShtCol))"
"cinitial.cpp","14120","OK","GetSHCHKPos(iLineNo, SThreadPara.base_InposY[iShuttleNo])/MOT[MInShuttle1].Motor->GearRatio","ChangeToFloatNonPcnt((double)(GetSHCHKPos(iLineNo, SThreadPara.base_InposY[iShuttleNo])), (double)(MOT[MInShuttle1].Motor->GearRatio))"
"cinitial.cpp","14119","OK","GetSHCHKPos(iLineNo, SThreadPara.base_InposY[iShuttleNo])/MOT[MInShuttle1].Motor->GearRatio","ChangeToFloatNonPcnt((double)(GetSHCHKPos(iLineNo, SThreadPara.base_InposY[iShuttleNo])), (double)(MOT[MInShuttle1].Motor->GearRatio))"
"cinitial.cpp","14117","OK","GetSHCHKPos(iLineNo, SThreadPara.base_posY[iShuttleNo])/MOT[MInShuttle1].Motor->GearRatio","ChangeToFloatNonPcnt((double)(GetSHCHKPos(iLineNo, SThreadPara.base_posY[iShuttleNo])), (double)(MOT[MInShuttle1].Motor->GearRatio))"
"cinitial.cpp","14116","OK","GetSHCHKPos(iLineNo, SThreadPara.base_posY[iShuttleNo])/MOT[MInShuttle1].Motor->GearRatio","ChangeToFloatNonPcnt((double)(GetSHCHKPos(iLineNo, SThreadPara.base_posY[iShuttleNo])), (double)(MOT[MInShuttle1].Motor->GearRatio))"
"cinitial.cpp","14114","OK","GetSHCHKPos(iLineNo, SThreadPara.base_pos[iShuttleNo])/MOT[MInShuttle1].Motor->GearRatio","ChangeToFloatNonPcnt((double)(GetSHCHKPos(iLineNo, SThreadPara.base_pos[iShuttleNo])), (double)(MOT[MInShuttle1].Motor->GearRatio))"
"cinitial.cpp","14113","OK","GetSHCHKPos(iLineNo, SThreadPara.base_pos[iShuttleNo])/MOT[MInShuttle1].Motor->GearRatio","ChangeToFloatNonPcnt((double)(GetSHCHKPos(iLineNo, SThreadPara.base_pos[iShuttleNo])), (double)(MOT[MInShuttle1].Motor->GearRatio))"
"cinitial.cpp","14093","OK","SThreadPara.iLaserBasePos[1]/MOT[MInShuttle2].Motor->GearRatio","ChangeToFloatNonPcnt((double)(SThreadPara.iLaserBasePos[1]), (double)(MOT[MInShuttle2].Motor->GearRatio))"
"cinitial.cpp","14092","OK","SThreadPara.iLaserBasePos[0]/MOT[MInShuttle1].Motor->GearRatio","ChangeToFloatNonPcnt((double)(SThreadPara.iLaserBasePos[0]), (double)(MOT[MInShuttle1].Motor->GearRatio))"
"cinitial.cpp","14091","OK","SThreadPara.base_InposY[1]/MOT[MInShuttle2].Motor->GearRatio","ChangeToFloatNonPcnt((double)(SThreadPara.base_InposY[1]), (double)(MOT[MInShuttle2].Motor->GearRatio))"
"cinitial.cpp","14090","OK","SThreadPara.base_InposY[1]/MOT[MInShuttle2].Motor->GearRatio","ChangeToFloatNonPcnt((double)(SThreadPara.base_InposY[1]), (double)(MOT[MInShuttle2].Motor->GearRatio))"
"cinitial.cpp","14089","OK","SThreadPara.base_InposY[0]/MOT[MInShuttle1].Motor->GearRatio","ChangeToFloatNonPcnt((double)(SThreadPara.base_InposY[0]), (double)(MOT[MInShuttle1].Motor->GearRatio))"
"cinitial.cpp","14088","OK","SThreadPara.base_InposY[0]/MOT[MInShuttle1].Motor->GearRatio","ChangeToFloatNonPcnt((double)(SThreadPara.base_InposY[0]), (double)(MOT[MInShuttle1].Motor->GearRatio))"
"cinitial.cpp","14087","OK","SThreadPara.base_posY[1]/MOT[MInShuttle2].Motor->GearRatio","ChangeToFloatNonPcnt((double)(SThreadPara.base_posY[1]), (double)(MOT[MInShuttle2].Motor->GearRatio))"
"cinitial.cpp","14086","OK","SThreadPara.base_posY[1]/MOT[MInShuttle2].Motor->GearRatio","ChangeToFloatNonPcnt((double)(SThreadPara.base_posY[1]), (double)(MOT[MInShuttle2].Motor->GearRatio))"
"cinitial.cpp","14085","OK","SThreadPara.base_posY[0]/MOT[MInShuttle1].Motor->GearRatio","ChangeToFloatNonPcnt((double)(SThreadPara.base_posY[0]), (double)(MOT[MInShuttle1].Motor->GearRatio))"
"cinitial.cpp","14084","OK","SThreadPara.base_posY[0]/MOT[MInShuttle1].Motor->GearRatio","ChangeToFloatNonPcnt((double)(SThreadPara.base_posY[0]), (double)(MOT[MInShuttle1].Motor->GearRatio))"
"cMyDB.cpp","369","OK","Sum/LastSet.iJamCount[2]","ChangeToFloatNonPcnt((double)(Sum), (double)(LastSet.iJamCount[2]))"
"cMyDB.cpp","368","OK","LastSet.SystemAccSecond[iDataType][stJamTime])/1000)/LastSet.iJamCount[2]","ChangeToFloatNonPcnt((double)(LastSet.SystemAccSecond[iDataType][stJamTime])/1000)), (double)(LastSet.iJamCount[2]))"
"cObserver.cpp","2273","OK","dSec/LastSet.iJamCount[1]","ChangeToFloatNonPcnt((double)(dSec), (double)(LastSet.iJamCount[1]))"
"cObserver.cpp","1753","OK","sum/TestIF_File.iMonitorWindow","ChangeToFloatNonPcnt((double)(sum), (double)(TestIF_File.iMonitorWindow))"
"cpublic.cpp","1566","OK","y/w","ChangeToFloatNonPcnt((double)(y), (double)(w))"
"cpublic.cpp","1563","OK","0.5/w","ChangeToFloatNonPcnt((double)(0.5), (double)(w))"
"cpublic.cpp","1561","OK","0.5/w","ChangeToFloatNonPcnt((double)(0.5), (double)(w))"
"cpublic.cpp","292","OK","d/dDigit","ChangeToFloatNonPcnt((double)(d), (double)(dDigit))"
"cpublic.cpp","233","OK","i/GearRatio","ChangeToFloatNonPcnt((double)(i), (double)(GearRatio))"
"csystem.cpp","22697","OK","iMag/iFixCnt","ChangeToFloatNonPcnt((double)(iMag), (double)(iFixCnt))"
"csystem.cpp","22659","OK","iMag/iFixCnt","ChangeToFloatNonPcnt((double)(iMag), (double)(iFixCnt))"
"csystem.cpp","22615","OK","iPickMag/iFixCnt","ChangeToFloatNonPcnt((double)(iPickMag), (double)(iFixCnt))"
"csystem.cpp","21140","OK","ESD_GENERAL.Alarm_Continuous_Time*1000/ESD_GENERAL.ScanInterval","ChangeToFloatNonPcnt((double)(ESD_GENERAL.Alarm_Continuous_Time*1000), (double)(ESD_GENERAL.ScanInterval))"
"csystem.cpp","21015","OK","dBoostCoolSec/Temperature.dPostBoostDuration[iTriggerBoostFuncBack]","ChangeToFloatNonPcnt((double)(dBoostCoolSec), (double)(Temperature.dPostBoostDuration[iTriggerBoostFuncBack]))"
"csystem.cpp","21014","OK","dBoostCoolSec/Temperature.dPostBoostDuration[iTriggerBoostFuncBack]","ChangeToFloatNonPcnt((double)(dBoostCoolSec), (double)(Temperature.dPostBoostDuration[iTriggerBoostFuncBack]))"
"csystem.cpp","13729","OK","iFail_ART*100/Sum_ART","ChangeToFloatNonPcnt((double)(iFail_ART*100), (double)(Sum_ART))"
"cTrayMapping.cpp","6084","OK","(double)iSum/iCount","ChangeToFloatNonPcnt((double)((double)iSum), (double)(iCount))"
"FixAICCD.cpp","221","OK","iAiDataLen/iAiStructLen","ChangeToFloatNonPcnt((double)(iAiDataLen), (double)(iAiStructLen))"
"Magazine.cpp","608","OK","iOutArmBlockIndex/AutoForm[iWhichAuto]->BlockXItem","ChangeToFloatNonPcnt((double)(iOutArmBlockIndex), (double)(AutoForm[iWhichAuto]->BlockXItem))"
"Magazine.cpp","592","OK","iOutArmBlockIndex/AutoForm[iWhichAuto]->BlockXItem","ChangeToFloatNonPcnt((double)(iOutArmBlockIndex), (double)(AutoForm[iWhichAuto]->BlockXItem))"
"Magazine.cpp","586","OK","MOT[Motor].Tray.YItem / AutoForm[iWhichAuto]->BlockYItem","ChangeToFloatNonPcnt((double)(MOT[Motor].Tray.YItem), (double)(AutoForm[iWhichAuto]->BlockYItem))"
"Magazine.cpp","585","OK","MOT[Motor].Tray.XItem / AutoForm[iWhichAuto]->BlockXItem","ChangeToFloatNonPcnt((double)(MOT[Motor].Tray.XItem), (double)(AutoForm[iWhichAuto]->BlockXItem))"
"Magazine.cpp","567","OK","iPickWhichMag/iFixCnt","ChangeToFloatNonPcnt((double)(iPickWhichMag), (double)(iFixCnt))"
"main.cpp","32497","OK","(sgTemp[i]->Width-10)/sgTemp[i]->ColCount","ChangeToFloatNonPcnt((double)((sgTemp[i]->Width-10)), (double)(sgTemp[i]->ColCount))"
"main.cpp","32496","OK","(sgTemp[i]->Width-10)/sgTemp[i]->ColCount","ChangeToFloatNonPcnt((double)((sgTemp[i]->Width-10)), (double)(sgTemp[i]->ColCount))"
"main.cpp","29551","OK","(i-1)/TestSocket.iShtCol","ChangeToFloatNonPcnt((double)((i-1)), (double)(TestSocket.iShtCol))"
"main.cpp","24080","OK","2000/Timer3->Interval","ChangeToFloatNonPcnt((double)(2000), (double)(Timer3->Interval))"
"main.cpp","21060","OK","(LastSet.SystemAccSecond[0][stPauseTime]+LastSet.SystemAccSecond[0][stProductTime]+LastSet.SystemAccSecond[0][stJamTime])/LastSet.iJamCount[1]","ChangeToFloatNonPcnt((double)((LastSet.SystemAccSecond[0][stPauseTime]+LastSet.SystemAccSecond[0][stProductTime]+LastSet.SystemAccSecond[0][stJamTime])), (double)(LastSet.iJamCount[1]))"
"main.cpp","7392","OK","(sgTemp[i]->Width-10)/sgTemp[i]->ColCount","ChangeToFloatNonPcnt((double)((sgTemp[i]->Width-10)), (double)(sgTemp[i]->ColCount))"
"main.cpp","7391","OK","(sgTemp[i]->Width-10)/sgTemp[i]->ColCount","ChangeToFloatNonPcnt((double)((sgTemp[i]->Width-10)), (double)(sgTemp[i]->ColCount))"
"main.cpp","7300","OK","(sgTemp->Width-10)/sgTemp->ColCount","ChangeToFloatNonPcnt((double)((sgTemp->Width-10)), (double)(sgTemp->ColCount))"
"main.cpp","7299","OK","(sgTemp->Width-10)/sgTemp->ColCount","ChangeToFloatNonPcnt((double)((sgTemp->Width-10)), (double)(sgTemp->ColCount))"
"main.cpp","3047","OK","250/Timer1->Interval","ChangeToFloatNonPcnt((double)(250), (double)(Timer1->Interval))"
"main.cpp","2816","OK","250/Timer1->Interval","ChangeToFloatNonPcnt((double)(250), (double)(Timer1->Interval))"
"mykitsuck.cpp","1835","OK","iSum/ct","ChangeToFloatNonPcnt((double)(iSum), (double)(ct))"
"mykitsuck.cpp","1814","OK","iSum/ct","ChangeToFloatNonPcnt((double)(iSum), (double)(ct))"
"mymessbox.cpp","627","OK","1000/Timer1->Interval","ChangeToFloatNonPcnt((double)(1000), (double)(Timer1->Interval))"
"myTimer.cpp","147","OK","(rEndDelay.QuadPart-rStartDelay.QuadPart)*1000000/rFreq.QuadPart","ChangeToFloatNonPcnt((double)((rEndDelay.QuadPart-rStartDelay.QuadPart)*1000000), (double)(rFreq.QuadPart))"
"myTimer.cpp","130","OK","(rEndDelay.QuadPart-rStartDelay.QuadPart)*1000/rFreq.QuadPart","ChangeToFloatNonPcnt((double)((rEndDelay.QuadPart-rStartDelay.QuadPart)*1000), (double)(rFreq.QuadPart))"
"myTimer.cpp","113","OK","(rEndDelay.QuadPart-rStartDelay.QuadPart)/rFreq.QuadPart","ChangeToFloatNonPcnt((double)((rEndDelay.QuadPart-rStartDelay.QuadPart)), (double)(rFreq.QuadPart))"
"note.cpp","3439","OK","1000/Timer1->Interval","ChangeToFloatNonPcnt((double)(1000), (double)(Timer1->Interval))"
"tools.cpp","223","OK","iWaitTime/Timer1->Interval","ChangeToFloatNonPcnt((double)(iWaitTime), (double)(Timer1->Interval))"
"uLotInfo.cpp","11195","OK","daverage[1]/iListTemperatureData","ChangeToFloatNonPcnt((double)(daverage[1]), (double)(iListTemperatureData))"
"uMotorTest.cpp","597","OK","Average/dwLoopCount","ChangeToFloatNonPcnt((double)(Average), (double)(dwLoopCount))"
"uMotorTest.cpp","556","OK","Average/dwLoopCount","ChangeToFloatNonPcnt((double)(Average), (double)(dwLoopCount))"
"uMotorTest.cpp","524","OK","Average/dwLoopCount","ChangeToFloatNonPcnt((double)(Average), (double)(dwLoopCount))"
"uYieldMonitoring.cpp","5428","OK","iYieldTotalBinpass*100/Prod.iIntervalLowYieldCountByTotal","ChangeToFloatNonPcnt((double)(iYieldTotalBinpass*100), (double)(Prod.iIntervalLowYieldCountByTotal))"
"uYieldMonitoring.cpp","5298","OK","iYieldSiteBinpass[l][i][j]*100/Prod.iIntervalLowYieldCountBySite","ChangeToFloatNonPcnt((double)(iYieldSiteBinpass[l][i][j]*100), (double)(Prod.iIntervalLowYieldCountBySite))"
"ATCSystem.cpp","2033","OK","iAvg/Temperature.iTjAvgTimes","ChangeToFloatNonPcnt((double)(iAvg), (double)(Temperature.iTjAvgTimes))"
"AutoAlignment.cpp","5814","OK","(2*iDis)/Round(sqrt(dLength), 2)","ChangeToFloatNonPcnt((double)((2*iDis)), (double)(Round(sqrt(dLength), 2)))"
"AutoAlignment.cpp","5809","OK","(2*iDis)/Round(sqrt(dLength), 2)","ChangeToFloatNonPcnt((double)((2*iDis)), (double)(Round(sqrt(dLength), 2)))"
"AutoAlignment.cpp","5776","OK","(2*iDis)/sqrt(dLength)","ChangeToFloatNonPcnt((double)((2*iDis)), (double)(sqrt(dLength)))"
"AutoAlignment.cpp","5771","OK","(2*iDis)/sqrt(dLength)","ChangeToFloatNonPcnt((double)((2*iDis)), (double)(sqrt(dLength)))"
"AutoAlignment.cpp","5274","OK","sqrt(fabs(dRealLength))/sqrt(fabs(dCalLength))","ChangeToFloatNonPcnt((double)(sqrt(fabs(dRealLength))), (double)(sqrt(fabs(dCalLength))))"
"AutoAlignment.cpp","5266","OK","sqrt(fabs(dRealLength))/sqrt(fabs(dCalLength))","ChangeToFloatNonPcnt((double)(sqrt(fabs(dRealLength))), (double)(sqrt(fabs(dCalLength))))"
"AutoAlignment.cpp","4841","OK","sqrt(fabs(dRealLength))/sqrt(fabs(dCalLength))","ChangeToFloatNonPcnt((double)(sqrt(fabs(dRealLength))), (double)(sqrt(fabs(dCalLength))))"
"AutoAlignment.cpp","4828","OK","sqrt(fabs(dRealLength))/sqrt(fabs(dCalLength))","ChangeToFloatNonPcnt((double)(sqrt(fabs(dRealLength))), (double)(sqrt(fabs(dCalLength))))"
"AutoAlignment.cpp","1932","OK","(2*iDis)/Round(sqrt(dLength),2)","ChangeToFloatNonPcnt((double)((2*iDis)), (double)(Round(sqrt(dLength),2)))"
"AutoAlignment.cpp","1927","OK","(2*iDis)/Round(sqrt(dLength), 2)","ChangeToFloatNonPcnt((double)((2*iDis)), (double)(Round(sqrt(dLength), 2)))"
"AutoAlignment.cpp","1896","OK","(2*iDis)/sqrt(dLength)","ChangeToFloatNonPcnt((double)((2*iDis)), (double)(sqrt(dLength)))"
"AutoAlignment.cpp","1891","OK","(2*iDis)/sqrt(dLength)","ChangeToFloatNonPcnt((double)((2*iDis)), (double)(sqrt(dLength)))"
"CAlignmentB.cpp","1235","OK","iX120PitchCountAvg/iCnt","ChangeToFloatNonPcnt((double)(iX120PitchCountAvg), (double)(iCnt))"
"CAlignmentB.cpp","1234","OK","iX40PitchCountAvg/iCnt","ChangeToFloatNonPcnt((double)(iX40PitchCountAvg), (double)(iCnt))"
"CAlignmentB.cpp","1223","OK","((  12000/3)-(- iOpenPickerHx+iOpenPickerEx  ))/dPitchScaleX","ChangeToFloatNonPcnt((double)(((  12000/3)-(- iOpenPickerHx+iOpenPickerEx  ))), (double)(dPitchScaleX))"
"CAlignmentB.cpp","1222","OK","((   4000/3)-(-iClosePickerHx+iClosePickerEx ))/dPitchScaleX","ChangeToFloatNonPcnt((double)(((   4000/3)-(-iClosePickerHx+iClosePickerEx ))), (double)(dPitchScaleX))"
"CAlignmentB.cpp","1221","OK","(iClosePickerHx-iOpenPickerHx)/dX120ToX40PitchCount","ChangeToFloatNonPcnt((double)((iClosePickerHx-iOpenPickerHx)), (double)(dX120ToX40PitchCount))"
"CAlignmentB.cpp","1219","OK","((  12000/3)-(- iOpenPickerGx+iOpenPickerEx  ))/dPitchScaleX","ChangeToFloatNonPcnt((double)(((  12000/3)-(- iOpenPickerGx+iOpenPickerEx  ))), (double)(dPitchScaleX))"
"CAlignmentB.cpp","1218","OK","((   4000/3)-(-iClosePickerGx+iClosePickerEx ))/dPitchScaleX","ChangeToFloatNonPcnt((double)(((   4000/3)-(-iClosePickerGx+iClosePickerEx ))), (double)(dPitchScaleX))"
"CAlignmentB.cpp","1217","OK","(iClosePickerGx-iOpenPickerGx)/dX120ToX40PitchCount","ChangeToFloatNonPcnt((double)((iClosePickerGx-iOpenPickerGx)), (double)(dX120ToX40PitchCount))"
"CAlignmentB.cpp","1215","OK","((  12000/3)-( iOpenPickerDx-iOpenPickerEx  ))/dPitchScaleX","ChangeToFloatNonPcnt((double)(((  12000/3)-( iOpenPickerDx-iOpenPickerEx  ))), (double)(dPitchScaleX))"
"CAlignmentB.cpp","1214","OK","((   4000/3)-(iClosePickerDx-iClosePickerEx ))/dPitchScaleX","ChangeToFloatNonPcnt((double)(((   4000/3)-(iClosePickerDx-iClosePickerEx ))), (double)(dPitchScaleX))"
"CAlignmentB.cpp","1213","OK","(iOpenPickerDx-iClosePickerDx)/dX120ToX40PitchCount","ChangeToFloatNonPcnt((double)((iOpenPickerDx-iClosePickerDx)), (double)(dX120ToX40PitchCount))"
"CAlignmentB.cpp","1211","OK","((  12000/3)-( iOpenPickerCx-iOpenPickerEx  ))/dPitchScaleX","ChangeToFloatNonPcnt((double)(((  12000/3)-( iOpenPickerCx-iOpenPickerEx  ))), (double)(dPitchScaleX))"
"CAlignmentB.cpp","1210","OK","((   4000/3)-(iClosePickerCx-iClosePickerEx ))/dPitchScaleX","ChangeToFloatNonPcnt((double)(((   4000/3)-(iClosePickerCx-iClosePickerEx ))), (double)(dPitchScaleX))"
"CAlignmentB.cpp","1209","OK","(iOpenPickerCx-iClosePickerCx)/dX120ToX40PitchCount","ChangeToFloatNonPcnt((double)((iOpenPickerCx-iClosePickerCx)), (double)(dX120ToX40PitchCount))"
"CAlignmentB.cpp","1207","OK","((2*12000/3)-( iOpenPickerBx-iOpenPickerEx  ))/dPitchScaleX","ChangeToFloatNonPcnt((double)(((2*12000/3)-( iOpenPickerBx-iOpenPickerEx  ))), (double)(dPitchScaleX))"
"CAlignmentB.cpp","1206","OK","((2* 4000/3)-(iClosePickerBx-iClosePickerEx ))/dPitchScaleX","ChangeToFloatNonPcnt((double)(((2* 4000/3)-(iClosePickerBx-iClosePickerEx ))), (double)(dPitchScaleX))"
"CAlignmentB.cpp","1205","OK","(iOpenPickerBx-iClosePickerBx)/dX120ToX40PitchCount","ChangeToFloatNonPcnt((double)((iOpenPickerBx-iClosePickerBx)), (double)(dX120ToX40PitchCount))"
"CAlignmentB.cpp","1203","OK","((2*12000/3)-( iOpenPickerAx-iOpenPickerEx  ))/dPitchScaleX","ChangeToFloatNonPcnt((double)(((2*12000/3)-( iOpenPickerAx-iOpenPickerEx  ))), (double)(dPitchScaleX))"
"CAlignmentB.cpp","1202","OK","((2* 4000/3)-(iClosePickerAx-iClosePickerEx ))/dPitchScaleX","ChangeToFloatNonPcnt((double)(((2* 4000/3)-(iClosePickerAx-iClosePickerEx ))), (double)(dPitchScaleX))"
"CAlignmentB.cpp","1201","OK","(iOpenPickerAx-iClosePickerAx)/dX120ToX40PitchCount","ChangeToFloatNonPcnt((double)((iOpenPickerAx-iClosePickerAx)), (double)(dX120ToX40PitchCount))"
"CAlignmentB.cpp","484","OK","400.0/abs(dLUy-dRDy)","ChangeToFloatNonPcnt((double)(400.0), (double)(abs(dLUy-dRDy)))"
"CAlignmentB.cpp","483","OK","400.0/abs(dLUx-dRDx)","ChangeToFloatNonPcnt((double)(400.0), (double)(abs(dLUx-dRDx)))"
"CAlignmentB.cpp","478","OK","400.0/abs(dLUy-dRDy)","ChangeToFloatNonPcnt((double)(400.0), (double)(abs(dLUy-dRDy)))"
"CAlignmentB.cpp","477","OK","400.0/abs(dLUx-dRDx)","ChangeToFloatNonPcnt((double)(400.0), (double)(abs(dLUx-dRDx)))"
"CAlignmentB.cpp","369","OK","400.0/abs(dLUy-dRDy)","ChangeToFloatNonPcnt((double)(400.0), (double)(abs(dLUy-dRDy)))"
"CAlignmentB.cpp","368","OK","400.0/abs(dLUx-dRDx)","ChangeToFloatNonPcnt((double)(400.0), (double)(abs(dLUx-dRDx)))"
"CAlignmentB.cpp","363","OK","400.0/abs(dLUy-dRDy)","ChangeToFloatNonPcnt((double)(400.0), (double)(abs(dLUy-dRDy)))"
"CAlignmentB.cpp","362","OK","400.0/abs(dLUx-dRDx)","ChangeToFloatNonPcnt((double)(400.0), (double)(abs(dLUx-dRDx)))"
"AutoClean.cpp","642","OK","i/TestIF.iAutoClean_XDivision","ChangeToFloatNonPcnt((double)(i), (double)(TestIF.iAutoClean_XDivision))"
"AutoClean.cpp","635","OK","TestIF.iAutoClean_DeveicePices/iStep","ChangeToFloatNonPcnt((double)(TestIF.iAutoClean_DeveicePices), (double)(iStep))"
"AutoClean.cpp","634","OK","TestIF.iAutoClean_DeveicePices/iStep","ChangeToFloatNonPcnt((double)(TestIF.iAutoClean_DeveicePices), (double)(iStep))"
"AutoClean.cpp","628","OK","(i)/iNumGroup","ChangeToFloatNonPcnt((double)((i)), (double)(iNumGroup))"
"AutoClean.cpp","617","OK","i/TestIF.iAutoClean_XDivision","ChangeToFloatNonPcnt((double)(i), (double)(TestIF.iAutoClean_XDivision))"
"uCleaning.cpp","2269","OK","iCount/iX","ChangeToFloatNonPcnt((double)(iCount), (double)(iX))"
"uCleaning.cpp","2045","OK","iPos/udDeviceCT->Increment","ChangeToFloatNonPcnt((double)(iPos), (double)(udDeviceCT->Increment))"
"uCleaning.cpp","1418","OK","iMax/iMin","ChangeToFloatNonPcnt((double)(iMax), (double)(iMin))"
"InOutArmZteach.cpp","3833","OK","atan((Y1-Y0)/(X1-X0))*180/M_PI","ChangeToFloatNonPcnt((double)(atan((Y1-Y0)/(X1-X0))*180), (double)(M_PI))"
"InOutArmZteach.cpp","3831","OK","atan((Y1-Y0)/(X1-X0))*180/M_PI","ChangeToFloatNonPcnt((double)(atan((Y1-Y0)/(X1-X0))*180), (double)(M_PI))"
"InOutArmZteach.cpp","3826","OK","atan((Y1-Y0)/(X1-X0))*180/M_PI","ChangeToFloatNonPcnt((double)(atan((Y1-Y0)/(X1-X0))*180), (double)(M_PI))"
"InOutArmZteach.cpp","3824","OK","atan((Y1-Y0)/(X1-X0))*180/M_PI","ChangeToFloatNonPcnt((double)(atan((Y1-Y0)/(X1-X0))*180), (double)(M_PI))"
"InOutArmZteach.cpp","3819","OK","atan((Y1-Y0)/(X1-X0))*180/M_PI","ChangeToFloatNonPcnt((double)(atan((Y1-Y0)/(X1-X0))*180), (double)(M_PI))"
"InOutArmZteach.cpp","3817","OK","atan((Y1-Y0)/(X1-X0))*180/M_PI","ChangeToFloatNonPcnt((double)(atan((Y1-Y0)/(X1-X0))*180), (double)(M_PI))"
"InOutArmZteach.cpp","3812","OK","atan((Y1-Y0)/(X1-X0))*180/M_PI","ChangeToFloatNonPcnt((double)(atan((Y1-Y0)/(X1-X0))*180), (double)(M_PI))"
"InOutArmZteach.cpp","3810","OK","atan((Y1-Y0)/(X1-X0))*180/M_PI","ChangeToFloatNonPcnt((double)(atan((Y1-Y0)/(X1-X0))*180), (double)(M_PI))"
"InOutArmZteach.cpp","3327","OK","27000.0/Y_Dis","ChangeToFloatNonPcnt((double)(27000.0), (double)(Y_Dis))"
"InOutArmZteach.cpp","3326","OK","11000.0/X_Dis","ChangeToFloatNonPcnt((double)(11000.0), (double)(X_Dis))"
"InOutArmZteach.cpp","3320","OK","27000.0/Y_Dis","ChangeToFloatNonPcnt((double)(27000.0), (double)(Y_Dis))"
"InOutArmZteach.cpp","3319","OK","11000.0/X_Dis","ChangeToFloatNonPcnt((double)(11000.0), (double)(X_Dis))"
"InOutArmZteach.cpp","3313","OK","27000.0/Y_Dis","ChangeToFloatNonPcnt((double)(27000.0), (double)(Y_Dis))"
"InOutArmZteach.cpp","3312","OK","11000.0/X_Dis","ChangeToFloatNonPcnt((double)(11000.0), (double)(X_Dis))"
"InOutArmZteach.cpp","3306","OK","27000.0/Y_Dis","ChangeToFloatNonPcnt((double)(27000.0), (double)(Y_Dis))"
"InOutArmZteach.cpp","3305","OK","11000.0/X_Dis","ChangeToFloatNonPcnt((double)(11000.0), (double)(X_Dis))"
"InOutArmZteach.cpp","3299","OK","27000.0/Y_Dis","ChangeToFloatNonPcnt((double)(27000.0), (double)(Y_Dis))"
"InOutArmZteach.cpp","3298","OK","11000.0/X_Dis","ChangeToFloatNonPcnt((double)(11000.0), (double)(X_Dis))"
"InOutArmZteach.cpp","3292","OK","27000.0/Y_Dis","ChangeToFloatNonPcnt((double)(27000.0), (double)(Y_Dis))"
"InOutArmZteach.cpp","3291","OK","11000.0/X_Dis","ChangeToFloatNonPcnt((double)(11000.0), (double)(X_Dis))"
"InOutArmZteach.cpp","3285","OK","6000.0/Y_Dis","ChangeToFloatNonPcnt((double)(6000.0), (double)(Y_Dis))"
"InOutArmZteach.cpp","3284","OK","6000.0/X_Dis","ChangeToFloatNonPcnt((double)(6000.0), (double)(X_Dis))"
"InOutArmZteach.cpp","3278","OK","6000.0/Y_Dis","ChangeToFloatNonPcnt((double)(6000.0), (double)(Y_Dis))"
"InOutArmZteach.cpp","3277","OK","6000.0/X_Dis","ChangeToFloatNonPcnt((double)(6000.0), (double)(X_Dis))"
"InOutArmZteach.cpp","3226","OK","double(iJigYDis)/Y_Dis","ChangeToFloatNonPcnt((double)(double(iJigYDis)), (double)(Y_Dis))"
"BarCode.cpp","5552","OK","iBarcodePassCount[i]*100.0/iNeedBarcodeCount[i]","ChangeToFloatNonPcnt((double)(iBarcodePassCount[i]*100.0), (double)(iNeedBarcodeCount[i]))"
"fDTME08.cpp","762","OK","i/numOfCol","ChangeToFloatNonPcnt((double)(i), (double)(numOfCol))"
"fDTME08.cpp","268","OK","iCh/dtme08->GetChannelNumberPerStation()","ChangeToFloatNonPcnt((double)(iCh), (double)(dtme08->GetChannelNumberPerStation()))"
"fDTME08.cpp","122","OK","GetSize()/numOfCol","ChangeToFloatNonPcnt((double)(GetSize()), (double)(numOfCol))"
"HTMC88X1Motor.cpp","872","OK","Pulse/GearRatio","ChangeToFloatNonPcnt((double)(Pulse), (double)(GearRatio))"
"HTMC88X1Motor.cpp","851","OK","Pulse/GearRatio","ChangeToFloatNonPcnt((double)(Pulse), (double)(GearRatio))"
"HTMC88X1Motor.cpp","597","OK","200/GearRatio","ChangeToFloatNonPcnt((double)(200), (double)(GearRatio))"
"HTMC88X1Motor.cpp","384","OK","再由I/O偵測EMG訊號","ChangeToFloatNonPcnt((double)(再由I), (double)(O偵測EMG訊號))"
"HTMC88X1Motor.cpp","334","OK","LN/GearRatio","ChangeToFloatNonPcnt((double)(LN), (double)(GearRatio))"
"HTMC88X1Motor.cpp","333","OK","LP/GearRatio","ChangeToFloatNonPcnt((double)(LP), (double)(GearRatio))"
"HTMC88X1Motor.cpp","215","OK","Tar/GearRatio","ChangeToFloatNonPcnt((double)(Tar), (double)(GearRatio))"
"myMN200motor.cpp","366","OK","Tar/GearRatio","ChangeToFloatNonPcnt((double)(Tar), (double)(GearRatio))"
"myMN200motor.cpp","278","OK","6553500/Range","ChangeToFloatNonPcnt((double)(6553500), (double)(Range))"
"myMN200motor.cpp","277","OK","6553500/Range","ChangeToFloatNonPcnt((double)(6553500), (double)(Range))"
"myMN200motor.cpp","102","OK","LN/GearRatio","ChangeToFloatNonPcnt((double)(LN), (double)(GearRatio))"
"myMN200motor.cpp","101","OK","LP/GearRatio","ChangeToFloatNonPcnt((double)(LP), (double)(GearRatio))"
"mymotor.cpp","6193","OK","double(p)/r","ChangeToFloatNonPcnt((double)(double(p)), (double)(r))"
"mymotor.cpp","497","OK","Motor->GetDecDataBase()/fPersent","ChangeToFloatNonPcnt((double)(Motor->GetDecDataBase()), (double)(fPersent))"
"mymotor.cpp","496","OK","Motor->GetAccDataBase()/fPersent","ChangeToFloatNonPcnt((double)(Motor->GetAccDataBase()), (double)(fPersent))"
"mySMCmotor.cpp","865","OK","lValue/GearRatio","ChangeToFloatNonPcnt((double)(lValue), (double)(GearRatio))"
"mySMCmotor.cpp","546","OK","Tar/GearRatio","ChangeToFloatNonPcnt((double)(Tar), (double)(GearRatio))"
"mySMCmotor.cpp","467","OK","6553500/Range","ChangeToFloatNonPcnt((double)(6553500), (double)(Range))"
"mySMCmotor.cpp","466","OK","6553500/Range","ChangeToFloatNonPcnt((double)(6553500), (double)(Range))"
"mySMCmotor.cpp","441","OK","6553500/Range","ChangeToFloatNonPcnt((double)(6553500), (double)(Range))"
"mySMCmotor.cpp","440","OK","6553500/Range","ChangeToFloatNonPcnt((double)(6553500), (double)(Range))"
"mySMCmotor.cpp","415","OK","6553500/Range","ChangeToFloatNonPcnt((double)(6553500), (double)(Range))"
"mySMCmotor.cpp","414","OK","6553500/Range","ChangeToFloatNonPcnt((double)(6553500), (double)(Range))"
"mySMCmotor.cpp","289","OK","LN/GearRatio","ChangeToFloatNonPcnt((double)(LN), (double)(GearRatio))"
"mySMCmotor.cpp","288","OK","LP/GearRatio","ChangeToFloatNonPcnt((double)(LP), (double)(GearRatio))"
"mySYNTEKmotor.cpp","273","OK","dScaleSpeed / PJogHighSpeed","ChangeToFloatNonPcnt((double)(dScaleSpeed), (double)(PJogHighSpeed))"
"mySYNTEKmotor.cpp","69","OK","LN/GearRatio","ChangeToFloatNonPcnt((double)(LN), (double)(GearRatio))"
"mySYNTEKmotor.cpp","68","OK","LP/GearRatio","ChangeToFloatNonPcnt((double)(LP), (double)(GearRatio))"
"ProductionInfo.cpp","2239","OK","7200/dTestTime","ChangeToFloatNonPcnt((double)(7200), (double)(dTestTime))"
"ProductionInfo.cpp","1658","OK","atof(sSumPowerTime.c_str())/fLastTestTime","ChangeToFloatNonPcnt((double)(atof(sSumPowerTime.c_str())), (double)(fLastTestTime))"
"ProductionInfo.cpp","699","OK","atof(sPowerTime.c_str())/fLastTestTime","ChangeToFloatNonPcnt((double)(atof(sPowerTime.c_str())), (double)(fLastTestTime))"
"uPAT_Function.cpp","1545","OK","dMolecular/dDenominator","ChangeToFloatNonPcnt((double)(dMolecular), (double)(dDenominator))"
"uPAT_Function.cpp","428","OK","[stPauseTime]/GetTotalContactCount()","ChangeToFloatNonPcnt((double)([stPauseTime]), (double)(GetTotalContactCount()))"
"uPAT_Function.cpp","421","OK","RunInfo.dTestTimeSec/GetTotalContactCount()","ChangeToFloatNonPcnt((double)(RunInfo.dTestTimeSec), (double)(GetTotalContactCount()))"
"fRotate.cpp","687","OK","(sgRotateIn->Height-10)/sgRotateIn->RowCount","ChangeToFloatNonPcnt((double)((sgRotateIn->Height-10)), (double)(sgRotateIn->RowCount))"
"fRotate.cpp","686","OK","(sgRotateIn->Width -10)/sgRotateIn->ColCount","ChangeToFloatNonPcnt((double)((sgRotateIn->Width -10)), (double)(sgRotateIn->ColCount))"
"fRotate.cpp","684","OK","(sgRotateIn->Height-10)/sgRotateIn->RowCount","ChangeToFloatNonPcnt((double)((sgRotateIn->Height-10)), (double)(sgRotateIn->RowCount))"
"fRotate.cpp","683","OK","(sgRotateIn->Width -10)/sgRotateIn->ColCount","ChangeToFloatNonPcnt((double)((sgRotateIn->Width -10)), (double)(sgRotateIn->ColCount))"
"fRotate.cpp","623","OK","(sgRotateIn->Height-10)/sgRotateIn->RowCount","ChangeToFloatNonPcnt((double)((sgRotateIn->Height-10)), (double)(sgRotateIn->RowCount))"
"fRotate.cpp","622","OK","(sgRotateIn->Width -10)/sgRotateIn->ColCount","ChangeToFloatNonPcnt((double)((sgRotateIn->Width -10)), (double)(sgRotateIn->ColCount))"
"fRotate.cpp","620","OK","(sgRotateIn->Height-10)/sgRotateIn->RowCount","ChangeToFloatNonPcnt((double)((sgRotateIn->Height-10)), (double)(sgRotateIn->RowCount))"
"fRotate.cpp","619","OK","(sgRotateIn->Width -10)/sgRotateIn->ColCount","ChangeToFloatNonPcnt((double)((sgRotateIn->Width -10)), (double)(sgRotateIn->ColCount))"
"SECSGEM.cpp","1241","OK","P->Tag/iMaxCol","ChangeToFloatNonPcnt((double)(P->Tag), (double)(iMaxCol))"
"SECSGEM.cpp","1185","OK","Tag/iMaxCol","ChangeToFloatNonPcnt((double)(Tag), (double)(iMaxCol))"
"SECSGEM.cpp","1078","OK","Tag/iMaxCol","ChangeToFloatNonPcnt((double)(Tag), (double)(iMaxCol))"
"uHGemClass.cpp","1461","OK","enable/disable","ChangeToFloatNonPcnt((double)(enable), (double)(disable))"
"uHGemEquipment.cpp","8551","OK","enable/disable","ChangeToFloatNonPcnt((double)(enable), (double)(disable))"
"uHGemEquipment.cpp","4290","OK","TotalFileSize/iMaxSend","ChangeToFloatNonPcnt((double)(TotalFileSize), (double)(iMaxSend))"
"uHGemEquipment.cpp","1850","OK","ItemSize/TypeSize","ChangeToFloatNonPcnt((double)(ItemSize), (double)(TypeSize))"
"uHGemEquipment.cpp","1818","OK","ItemSize/TypeSize","ChangeToFloatNonPcnt((double)(ItemSize), (double)(TypeSize))"
"uHGemEquipment.cpp","1786","OK","ItemSize/TypeSize","ChangeToFloatNonPcnt((double)(ItemSize), (double)(TypeSize))"
"uHGemEquipment.cpp","1754","OK","ItemSize/TypeSize","ChangeToFloatNonPcnt((double)(ItemSize), (double)(TypeSize))"
"uHGemEquipment.cpp","1722","OK","ItemSize/TypeSize","ChangeToFloatNonPcnt((double)(ItemSize), (double)(TypeSize))"
"uHGemEquipment.cpp","1690","OK","ItemSize/TypeSize","ChangeToFloatNonPcnt((double)(ItemSize), (double)(TypeSize))"
"uHGemEquipment.cpp","1657","OK","ItemSize/TypeSize","ChangeToFloatNonPcnt((double)(ItemSize), (double)(TypeSize))"
"uHGemEquipment.cpp","1629","OK","ItemSize/TypeSize","ChangeToFloatNonPcnt((double)(ItemSize), (double)(TypeSize))"
"uHGemEquipment.cpp","1615","OK","ItemSize/TypeSize","ChangeToFloatNonPcnt((double)(ItemSize), (double)(TypeSize))"
"SortingBinTray.cpp","1736","OK","(CalData.iUseTray[iTX][iTY]-1 - iSX) / SuckData->iXItem","ChangeToFloatNonPcnt((double)((CalData.iUseTray[iTX][iTY]-1 - iSX)), (double)(SuckData->iXItem))"
"SortingBinTray.cpp","1599","OK","Parameter.iPickSuckX*SuckData.iXPitch/TrayData.iXPitch","ChangeToFloatNonPcnt((double)(Parameter.iPickSuckX*SuckData.iXPitch), (double)(TrayData.iXPitch))"
"SortingBinTray.cpp","1598","OK","Parameter.iPickSuckX*SuckData.iXPitch/TrayData.iXPitch","ChangeToFloatNonPcnt((double)(Parameter.iPickSuckX*SuckData.iXPitch), (double)(TrayData.iXPitch))"
"SortingBinTray.cpp","1590","OK","Parameter.iPickSuckX*SuckData.iXPitch/TrayData.iXPitch","ChangeToFloatNonPcnt((double)(Parameter.iPickSuckX*SuckData.iXPitch), (double)(TrayData.iXPitch))"
"SortingBinTray.cpp","1589","OK","Parameter.iPickSuckX*SuckData.iXPitch/TrayData.iXPitch","ChangeToFloatNonPcnt((double)(Parameter.iPickSuckX*SuckData.iXPitch), (double)(TrayData.iXPitch))"
"SortingBinTray.cpp","1432","OK","Parameter.iPickSuckX*SuckData.iXPitch/TrayData.iXPitch","ChangeToFloatNonPcnt((double)(Parameter.iPickSuckX*SuckData.iXPitch), (double)(TrayData.iXPitch))"
"SortingBinTray.cpp","1431","OK","Parameter.iPickSuckX*SuckData.iXPitch/TrayData.iXPitch","ChangeToFloatNonPcnt((double)(Parameter.iPickSuckX*SuckData.iXPitch), (double)(TrayData.iXPitch))"
"SortingBinTray.cpp","1423","OK","Parameter.iPickSuckX*SuckData.iXPitch/TrayData.iXPitch","ChangeToFloatNonPcnt((double)(Parameter.iPickSuckX*SuckData.iXPitch), (double)(TrayData.iXPitch))"
"SortingBinTray.cpp","1422","OK","Parameter.iPickSuckX*SuckData.iXPitch/TrayData.iXPitch","ChangeToFloatNonPcnt((double)(Parameter.iPickSuckX*SuckData.iXPitch), (double)(TrayData.iXPitch))"
"SortingBinTray.cpp","1411","OK","Parameter.iPickSuckX*SuckData.iXPitch/TrayData.iXPitch","ChangeToFloatNonPcnt((double)(Parameter.iPickSuckX*SuckData.iXPitch), (double)(TrayData.iXPitch))"
"SortingBinTray.cpp","1410","OK","Parameter.iPickSuckX*SuckData.iXPitch/TrayData.iXPitch","ChangeToFloatNonPcnt((double)(Parameter.iPickSuckX*SuckData.iXPitch), (double)(TrayData.iXPitch))"
"SortingBinTray.cpp","1402","OK","Parameter.iPickSuckX*SuckData.iXPitch/TrayData.iXPitch","ChangeToFloatNonPcnt((double)(Parameter.iPickSuckX*SuckData.iXPitch), (double)(TrayData.iXPitch))"
"SortingBinTray.cpp","1401","OK","Parameter.iPickSuckX*SuckData.iXPitch/TrayData.iXPitch","ChangeToFloatNonPcnt((double)(Parameter.iPickSuckX*SuckData.iXPitch), (double)(TrayData.iXPitch))"
